{
  "002": {
    "x": -9.734854,
    "y": 5.00679E-06,
    "z": 20.90516,
    "normalized": {
      "x": -0.422141522,
      "y": 2.171141E-07,
      "z": 0.906529963,
      "magnitude": 1.0,
      "sqrMagnitude": 1.0
    },
    "magnitude": 23.06064,
    "sqrMagnitude": 531.793152
  },
  "001": {
    "x": 4.41061831,
    "y": 0.787669539,
    "z": 12.14732,
    "normalized": {
      "x": 0.340660542,
      "y": 0.0608368069,
      "z": 0.938216,
      "normalized": {
        "x": 0.340660572,
        "y": 0.06083681,
        "z": 0.938216031,
        "magnitude": 1.0,
        "sqrMagnitude": 1.00000012
      },
      "magnitude": 0.99999994,
      "sqrMagnitude": 0.99999994
    },
    "magnitude": 12.9472532,
    "sqrMagnitude": 167.631363
  }
}