{
  "001": {
    "x": 0.0,
    "y": 0.0,
    "z": 0.0,
    "magnitude": 0.0,
    "sqrMagnitude": 0.0
  },
  "002": {
    "x": -4.906358,
    "y": 5.12599945E-06,
    "z": 9.343921,
    "normalized": {
      "x": -0.464893281,
      "y": 4.857051E-07,
      "z": 0.885366738,
      "magnitude": 1.0,
      "sqrMagnitude": 1.0
    },
    "magnitude": 10.5537291,
    "sqrMagnitude": 111.3812
  }
}