{
  "002": {
    "x": 5.9211483,
    "y": 5.12599945E-06,
    "z": 15.1474457,
    "normalized": {
      "x": 0.364073366,
      "y": 3.151821E-07,
      "z": 0.931370258,
      "magnitude": 1.0,
      "sqrMagnitude": 1.0
    },
    "magnitude": 16.2636127,
    "sqrMagnitude": 264.5051
  },
  "001": {
    "x": 0.967173457,
    "y": 0.787669539,
    "z": 13.2734518,
    "normalized": {
      "x": 0.07254564,
      "y": 0.05908143,
      "z": 0.995613635,
      "magnitude": 1.0,
      "sqrMagnitude": 1.0
    },
    "magnitude": 13.33193,
    "sqrMagnitude": 177.740372
  }
}