{
  "001": {
    "x": -1.61909389,
    "y": 0.0100566149,
    "z": 0.0,
    "normalized": {
      "x": -0.9999807,
      "y": 0.006211141,
      "z": 0.0,
      "magnitude": 1.0,
      "sqrMagnitude": 0.99999994
    },
    "magnitude": 1.61912513,
    "sqrMagnitude": 2.621566
  },
  "002": {
    "x": 14.4182091,
    "y": 0.0100049973,
    "z": 0.0,
    "normalized": {
      "x": 0.999999762,
      "y": 0.00069391384,
      "z": 0.0,
      "magnitude": 1.0,
      "sqrMagnitude": 1.0
    },
    "magnitude": 14.4182129,
    "sqrMagnitude": 207.884857
  }
}